Date,Units
2010-06-29,1
2010-06-30,1
2010-07-01,1
2010-07-02,1
2010-07-06,1
2010-07-07,1
2010-07-08,1
2010-07-09,1
2010-07-12,1
2010-07-13,1
2010-07-14,1
2010-07-15,1
2010-07-16,1
2010-07-19,1
2010-07-20,1
2010-07-21,1
2010-07-22,1
2010-07-23,1
2010-07-26,1
2010-07-27,1
2010-07-28,1
2010-07-29,1
2010-07-30,1
2010-08-02,1
2010-08-03,1
2010-08-04,1
2010-08-05,1
2010-08-06,1
2010-08-09,1
2010-08-10,1
2010-08-11,1
2010-08-12,1
2010-08-13,1
2010-08-16,1
2010-08-17,1
2010-08-18,1
2010-08-19,1
2010-08-20,1
2010-08-23,1
2010-08-24,1
2010-08-25,1
2010-08-26,1
2010-08-27,1
2010-08-30,1
2010-08-31,1
2010-09-01,1
2010-09-02,1
2010-09-03,1
2010-09-07,1
2010-09-08,1
2010-09-09,1
2010-09-10,1
2010-09-13,1
2010-09-14,1
2010-09-15,1
2010-09-16,1
2010-09-17,1
2010-09-20,1
2010-09-21,1
2010-09-22,1
2010-09-23,1
2010-09-24,1
2010-09-27,1
2010-09-28,1
2010-09-29,1
2010-09-30,1
2010-10-01,1
2010-10-04,1
2010-10-05,1
2010-10-06,1
2010-10-07,1
2010-10-08,1
2010-10-11,1
2010-10-12,1
2010-10-13,1
2010-10-14,1
2010-10-15,1
2010-10-18,1
2010-10-19,1
2010-10-20,1
2010-10-21,1
2010-10-22,1
2010-10-25,1
2010-10-26,1
2010-10-27,1
2010-10-28,1
2010-10-29,1
2010-11-01,1
2010-11-02,1
2010-11-03,1
2010-11-04,1
2010-11-05,1
2010-11-08,1
2010-11-09,1
2010-11-10,1
2010-11-11,1
2010-11-12,1
2010-11-15,2
2010-11-16,1
2010-11-17,1
2010-11-18,1
2010-11-19,2
2010-11-22,2
2010-11-23,2
2010-11-24,2
2010-11-26,2
2010-11-29,2
2010-11-30,2
2010-12-01,2
2010-12-02,2
2010-12-03,2
2010-12-06,2
2010-12-07,2
2010-12-08,2
2010-12-09,2
2010-12-10,2
2010-12-13,2
2010-12-14,1
2010-12-15,1
2010-12-16,2
2010-12-17,2
2010-12-20,2
2010-12-21,2
2010-12-22,2
2010-12-23,2
2010-12-27,1
2010-12-28,1
2010-12-29,1
2010-12-30,1
2010-12-31,1
2011-01-03,1
2011-01-04,1
2011-01-05,1
2011-01-06,1
2011-01-07,1
2011-01-10,1
2011-01-11,1
2011-01-12,1
2011-01-13,1
2011-01-14,1
2011-01-18,1
2011-01-19,1
2011-01-20,1
2011-01-21,1
2011-01-24,1
2011-01-25,1
2011-01-26,1
2011-01-27,1
2011-01-28,1
2011-01-31,1
2011-02-01,1
2011-02-02,1
2011-02-03,1
2011-02-04,1
2011-02-07,1
2011-02-08,1
2011-02-09,1
2011-02-10,1
2011-02-11,1
2011-02-14,1
2011-02-15,1
2011-02-16,1
2011-02-17,1
2011-02-18,1
2011-02-22,1
2011-02-23,1
2011-02-24,1
2011-02-25,1
2011-02-28,1
2011-03-01,1
2011-03-02,1
2011-03-03,1
2011-03-04,1
2011-03-07,1
2011-03-08,1
2011-03-09,1
2011-03-10,1
2011-03-11,1
2011-03-14,1
2011-03-15,1
2011-03-16,1
2011-03-17,1
2011-03-18,1
2011-03-21,1
2011-03-22,1
2011-03-23,1
2011-03-24,1
2011-03-25,1
2011-03-28,1
2011-03-29,1
2011-03-30,1
2011-03-31,1
2011-04-01,1
2011-04-04,1
2011-04-05,1
2011-04-06,1
2011-04-07,1
2011-04-08,1
2011-04-11,1
2011-04-12,1
2011-04-13,1
2011-04-14,1
2011-04-15,1
2011-04-18,1
2011-04-19,1
2011-04-20,1
2011-04-21,1
2011-04-25,1
2011-04-26,1
2011-04-27,1
2011-04-28,1
2011-04-29,1
2011-05-02,1
2011-05-03,1
2011-05-04,1
2011-05-05,1
2011-05-06,1
2011-05-09,1
2011-05-10,1
2011-05-11,1
2011-05-12,1
2011-05-13,1
2011-05-16,1
2011-05-17,1
2011-05-18,1
2011-05-19,1
2011-05-20,1
2011-05-23,1
2011-05-24,1
2011-05-25,1
2011-05-26,1
2011-05-27,1
2011-05-31,2
2011-06-01,1
2011-06-02,1
2011-06-03,2
2011-06-06,1
2011-06-07,1
2011-06-08,1
2011-06-09,1
2011-06-10,1
2011-06-13,1
2011-06-14,1
2011-06-15,1
2011-06-16,1
2011-06-17,1
2011-06-20,1
2011-06-21,1
2011-06-22,1
2011-06-23,1
2011-06-24,1
2011-06-27,1
2011-06-28,1
2011-06-29,1
2011-06-30,1
2011-07-01,1
2011-07-05,1
2011-07-06,1
2011-07-07,1
2011-07-08,1
2011-07-11,1
2011-07-12,1
2011-07-13,1
2011-07-14,1
2011-07-15,1
2011-07-18,1
2011-07-19,1
2011-07-20,1
2011-07-21,1
2011-07-22,1
2011-07-25,1
2011-07-26,1
2011-07-27,1
2011-07-28,1
2011-07-29,1
2011-08-01,1
2011-08-02,1
2011-08-03,1
2011-08-04,1
2011-08-05,1
2011-08-08,1
2011-08-09,1
2011-08-10,1
2011-08-11,1
2011-08-12,1
2011-08-15,1
2011-08-16,1
2011-08-17,1
2011-08-18,1
2011-08-19,1
2011-08-22,1
2011-08-23,1
2011-08-24,1
2011-08-25,1
2011-08-26,1
2011-08-29,1
2011-08-30,1
2011-08-31,1
2011-09-01,1
2011-09-02,1
2011-09-06,1
2011-09-07,1
2011-09-08,1
2011-09-09,1
2011-09-12,1
2011-09-13,1
2011-09-14,1
2011-09-15,1
2011-09-16,1
2011-09-19,1
2011-09-20,1
2011-09-21,1
2011-09-22,1
2011-09-23,1
2011-09-26,1
2011-09-27,1
2011-09-28,1
2011-09-29,1
2011-09-30,1
2011-10-03,1
2011-10-04,1
2011-10-05,1
2011-10-06,1
2011-10-07,1
2011-10-10,1
2011-10-11,1
2011-10-12,1
2011-10-13,1
2011-10-14,1
2011-10-17,1
2011-10-18,1
2011-10-19,1
2011-10-20,1
2011-10-21,1
2011-10-24,1
2011-10-25,1
2011-10-26,1
2011-10-27,1
2011-10-28,1
2011-10-31,1
2011-11-01,1
2011-11-02,1
2011-11-03,2
2011-11-04,2
2011-11-07,2
2011-11-08,2
2011-11-09,2
2011-11-10,2
2011-11-11,2
2011-11-14,2
2011-11-15,2
2011-11-16,2
2011-11-17,2
2011-11-18,2
2011-11-21,2
2011-11-22,2
2011-11-23,2
2011-11-25,2
2011-11-28,2
2011-11-29,2
2011-11-30,2
2011-12-01,2
2011-12-02,2
2011-12-05,2
2011-12-06,2
2011-12-07,2
2011-12-08,2
2011-12-09,2
2011-12-12,2
2011-12-13,1
2011-12-14,1
2011-12-15,1
2011-12-16,1
2011-12-19,1
2011-12-20,1
2011-12-21,1
2011-12-22,1
2011-12-23,1
2011-12-27,1
2011-12-28,1
2011-12-29,1
2011-12-30,1
2012-01-03,1
2012-01-04,1
2012-01-05,1
2012-01-06,1
2012-01-09,1
2012-01-10,1
2012-01-11,1
2012-01-12,1
2012-01-13,1
2012-01-17,1
2012-01-18,1
2012-01-19,1
2012-01-20,1
2012-01-23,1
2012-01-24,1
2012-01-25,1
2012-01-26,1
2012-01-27,1
2012-01-30,1
2012-01-31,1
2012-02-01,1
2012-02-02,2
2012-02-03,2
2012-02-06,2
2012-02-07,2
2012-02-08,2
2012-02-09,2
2012-02-10,2
2012-02-13,2
2012-02-14,2
2012-02-15,2
2012-02-16,2
2012-02-17,2
2012-02-21,2
2012-02-22,2
2012-02-23,2
2012-02-24,2
2012-02-27,2
2012-02-28,2
2012-02-29,2
2012-03-01,2
2012-03-02,2
2012-03-05,2
2012-03-06,2
2012-03-07,2
2012-03-08,2
2012-03-09,2
2012-03-12,2
2012-03-13,2
2012-03-14,2
2012-03-15,2
2012-03-16,2
2012-03-19,2
2012-03-20,2
2012-03-21,2
2012-03-22,2
2012-03-23,2
2012-03-26,2
2012-03-27,2
2012-03-28,2
2012-03-29,2
2012-03-30,2
2012-04-02,2
2012-04-03,2
2012-04-04,2
2012-04-05,2
2012-04-09,2
2012-04-10,2
2012-04-11,2
2012-04-12,2
2012-04-13,2
2012-04-16,2
2012-04-17,2
2012-04-18,2
2012-04-19,2
2012-04-20,2
2012-04-23,2
2012-04-24,2
2012-04-25,2
2012-04-26,2
2012-04-27,2
2012-04-30,2
2012-05-01,2
2012-05-02,2
2012-05-03,2
2012-05-04,2
2012-05-07,2
2012-05-08,2
2012-05-09,2
2012-05-10,2
2012-05-11,2
2012-05-14,2
2012-05-15,1
2012-05-16,1
2012-05-17,1
2012-05-18,1
2012-05-21,1
2012-05-22,2
2012-05-23,2
2012-05-24,2
2012-05-25,1
2012-05-29,2
2012-05-30,2
2012-05-31,1
2012-06-01,1
2012-06-04,1
2012-06-05,1
2012-06-06,1
2012-06-07,1
2012-06-08,2
2012-06-11,1
2012-06-12,1
2012-06-13,1
2012-06-14,1
2012-06-15,1
2012-06-18,2
2012-06-19,2
2012-06-20,2
2012-06-21,2
2012-06-22,2
2012-06-25,2
2012-06-26,2
2012-06-27,2
2012-06-28,2
2012-06-29,2
2012-07-02,2
2012-07-03,2
2012-07-05,2
2012-07-06,2
2012-07-09,2
2012-07-10,2
2012-07-11,2
2012-07-12,2
2012-07-13,2
2012-07-16,2
2012-07-17,2
2012-07-18,2
2012-07-19,2
2012-07-20,2
2012-07-23,2
2012-07-24,1
2012-07-25,1
2012-07-26,1
2012-07-27,1
2012-07-30,1
2012-07-31,1
2012-08-01,1
2012-08-02,1
2012-08-03,1
2012-08-06,1
2012-08-07,2
2012-08-08,1
2012-08-09,1
2012-08-10,1
2012-08-13,2
2012-08-14,1
2012-08-15,1
2012-08-16,2
2012-08-17,2
2012-08-20,1
2012-08-21,1
2012-08-22,1
2012-08-23,2
2012-08-24,1
2012-08-27,1
2012-08-28,1
2012-08-29,1
2012-08-30,1
2012-08-31,1
2012-09-04,1
2012-09-05,1
2012-09-06,1
2012-09-07,1
2012-09-10,1
2012-09-11,1
2012-09-12,1
2012-09-13,1
2012-09-14,2
2012-09-17,2
2012-09-18,2
2012-09-19,2
2012-09-20,2
2012-09-21,2
2012-09-24,2
2012-09-25,1
2012-09-26,1
2012-09-27,1
2012-09-28,1
2012-10-01,1
2012-10-02,1
2012-10-03,1
2012-10-04,1
2012-10-05,1
2012-10-08,1
2012-10-09,1
2012-10-10,1
2012-10-11,1
2012-10-12,1
2012-10-15,1
2012-10-16,1
2012-10-17,1
2012-10-18,1
2012-10-19,1
2012-10-22,1
2012-10-23,1
2012-10-24,1
2012-10-25,1
2012-10-26,1
2012-10-31,1
2012-11-01,1
2012-11-02,1
2012-11-05,2
2012-11-06,2
2012-11-07,2
2012-11-08,2
2012-11-09,2
2012-11-12,2
2012-11-13,2
2012-11-14,2
2012-11-15,2
2012-11-16,2
2012-11-19,2
2012-11-20,2
2012-11-21,2
2012-11-23,2
2012-11-26,2
2012-11-27,2
2012-11-28,2
2012-11-29,2
2012-11-30,2
2012-12-03,2
2012-12-04,2
2012-12-05,2
2012-12-06,2
2012-12-07,2
2012-12-10,2
2012-12-11,2
2012-12-12,2
2012-12-13,2
2012-12-14,2
2012-12-17,2
2012-12-18,2
2012-12-19,2
2012-12-20,2
2012-12-21,2
2012-12-24,2
2012-12-26,2
2012-12-27,2
2012-12-28,2
2012-12-31,2
2013-01-02,2
2013-01-03,2
2013-01-04,2
2013-01-07,2
2013-01-08,2
2013-01-09,2
2013-01-10,2
2013-01-11,2
2013-01-14,2
2013-01-15,2
2013-01-16,2
2013-01-17,2
2013-01-18,2
2013-01-22,2
2013-01-23,2
2013-01-24,2
2013-01-25,2
2013-01-28,2
2013-01-29,2
2013-01-30,2
2013-01-31,2
2013-02-01,2
2013-02-04,2
2013-02-05,2
2013-02-06,2
2013-02-07,2
2013-02-08,2
2013-02-11,2
2013-02-12,2
2013-02-13,2
2013-02-14,2
2013-02-15,2
2013-02-19,2
2013-02-20,2
2013-02-21,2
2013-02-22,2
2013-02-25,2
2013-02-26,2
2013-02-27,2
2013-02-28,2
2013-03-01,2
2013-03-04,2
2013-03-05,2
2013-03-06,2
2013-03-07,2
2013-03-08,2
2013-03-11,2
2013-03-12,2
2013-03-13,2
2013-03-14,2
2013-03-15,2
2013-03-18,2
2013-03-19,2
2013-03-20,2
2013-03-21,2
2013-03-22,2
2013-03-25,2
2013-03-26,2
2013-03-27,2
2013-03-28,2
2013-04-01,2
2013-04-02,2
2013-04-03,2
2013-04-04,2
2013-04-05,2
2013-04-08,2
2013-04-09,2
2013-04-10,2
2013-04-11,2
2013-04-12,2
2013-04-15,2
2013-04-16,3
2013-04-17,3
2013-04-18,3
2013-04-19,3
2013-04-22,3
2013-04-23,3
2013-04-24,3
2013-04-25,3
2013-04-26,3
2013-04-29,3
2013-04-30,3
2013-05-01,3
2013-05-02,3
2013-05-03,3
2013-05-06,3
2013-05-07,3
2013-05-08,3
2013-05-09,4
2013-05-10,5
2013-05-13,5
2013-05-14,5
2013-05-15,5
2013-05-16,6
2013-05-17,6
2013-05-20,5
2013-05-21,5
2013-05-22,5
2013-05-23,6
2013-05-24,6
2013-05-28,7
2013-05-29,6
2013-05-30,6
2013-05-31,6
2013-06-03,6
2013-06-04,6
2013-06-05,6
2013-06-06,6
2013-06-07,6
2013-06-10,6
2013-06-11,6
2013-06-12,6
2013-06-13,6
2013-06-14,6
2013-06-17,6
2013-06-18,6
2013-06-19,6
2013-06-20,6
2013-06-21,6
2013-06-24,6
2013-06-25,6
2013-06-26,7
2013-06-27,7
2013-06-28,7
2013-07-01,7
2013-07-02,7
2013-07-03,7
2013-07-05,8
2013-07-08,8
2013-07-09,8
2013-07-10,8
2013-07-11,8
2013-07-12,8
2013-07-15,8
2013-07-16,7
2013-07-17,8
2013-07-18,7
2013-07-19,7
2013-07-22,8
2013-07-23,8
2013-07-24,8
2013-07-25,8
2013-07-26,8
2013-07-29,8
2013-07-30,8
2013-07-31,8
2013-08-01,9
2013-08-02,9
2013-08-05,9
2013-08-06,9
2013-08-07,8
2013-08-08,10
2013-08-09,10
2013-08-12,9
2013-08-13,9
2013-08-14,9
2013-08-15,9
2013-08-16,9
2013-08-19,9
2013-08-20,9
2013-08-21,9
2013-08-22,10
2013-08-23,10
2013-08-26,10
2013-08-27,11
2013-08-28,11
2013-08-29,11
2013-08-30,11
2013-09-03,11
2013-09-04,11
2013-09-05,11
2013-09-06,11
2013-09-09,10
2013-09-10,11
2013-09-11,10
2013-09-12,10
2013-09-13,11
2013-09-16,11
2013-09-17,11
2013-09-18,11
2013-09-19,11
2013-09-20,12
2013-09-23,12
2013-09-24,12
2013-09-25,12
2013-09-26,12
2013-09-27,12
2013-09-30,12
2013-10-01,12
2013-10-02,12
2013-10-03,11
2013-10-04,12
2013-10-07,12
2013-10-08,11
2013-10-09,11
2013-10-10,11
2013-10-11,11
2013-10-14,11
2013-10-15,12
2013-10-16,12
2013-10-17,12
2013-10-18,12
2013-10-21,11
2013-10-22,11
2013-10-23,10
2013-10-24,11
2013-10-25,11
2013-10-28,10
2013-10-29,10
2013-10-30,10
2013-10-31,10
2013-11-01,10
2013-11-04,11
2013-11-05,11
2013-11-06,10
2013-11-07,9
2013-11-08,9
2013-11-11,9
2013-11-12,9
2013-11-13,9
2013-11-14,9
2013-11-15,9
2013-11-18,8
2013-11-19,8
2013-11-20,8
2013-11-21,8
2013-11-22,8
2013-11-25,8
2013-11-26,8
2013-11-27,8
2013-11-29,8
2013-12-02,8
2013-12-03,9
2013-12-04,9
2013-12-05,9
2013-12-06,9
2013-12-09,9
2013-12-10,9
2013-12-11,9
2013-12-12,9
2013-12-13,9
2013-12-16,9
2013-12-17,10
2013-12-18,9
2013-12-19,9
2013-12-20,9
2013-12-23,9
2013-12-24,10
2013-12-26,10
2013-12-27,10
2013-12-30,10
2013-12-31,10
2014-01-02,10
2014-01-03,9
2014-01-06,9
2014-01-07,9
2014-01-08,10
2014-01-09,9
2014-01-10,9
2014-01-13,9
2014-01-14,10
2014-01-15,10
2014-01-16,11
2014-01-17,11
2014-01-21,11
2014-01-22,11
2014-01-23,12
2014-01-24,11
2014-01-27,11
2014-01-28,11
2014-01-29,11
2014-01-30,12
2014-01-31,12
2014-02-03,11
2014-02-04,11
2014-02-05,11
2014-02-06,11
2014-02-07,12
2014-02-10,13
2014-02-11,13
2014-02-12,13
2014-02-13,13
2014-02-14,13
2014-02-18,13
2014-02-19,12
2014-02-20,13
2014-02-21,13
2014-02-24,14
2014-02-25,16
2014-02-26,16
2014-02-27,16
2014-02-28,16
2014-03-03,16
2014-03-04,16
2014-03-05,16
2014-03-06,16
2014-03-07,16
2014-03-10,15
2014-03-11,15
2014-03-12,16
2014-03-13,15
2014-03-14,15
2014-03-17,15
2014-03-18,16
2014-03-19,15
2014-03-20,15
2014-03-21,15
2014-03-24,14
2014-03-25,14
2014-03-26,14
2014-03-27,13
2014-03-28,14
2014-03-31,13
2014-04-01,14
2014-04-02,15
2014-04-03,15
2014-04-04,14
2014-04-07,13
2014-04-08,14
2014-04-09,14
2014-04-10,13
2014-04-11,13
2014-04-14,13
2014-04-15,12
2014-04-16,13
2014-04-17,13
2014-04-21,13
2014-04-22,14
2014-04-23,13
2014-04-24,13
2014-04-25,13
2014-04-28,13
2014-04-29,13
2014-04-30,13
2014-05-01,13
2014-05-02,14
2014-05-05,14
2014-05-06,13
2014-05-07,13
2014-05-08,11
2014-05-09,12
2014-05-12,12
2014-05-13,12
2014-05-14,12
2014-05-15,12
2014-05-16,12
2014-05-19,13
2014-05-20,13
2014-05-21,13
2014-05-22,13
2014-05-23,13
2014-05-27,14
2014-05-28,14
2014-05-29,14
2014-05-30,13
2014-06-02,13
2014-06-03,13
2014-06-04,13
2014-06-05,13
2014-06-06,13
2014-06-09,13
2014-06-10,13
2014-06-11,13
2014-06-12,13
2014-06-13,13
2014-06-16,14
2014-06-17,15
2014-06-18,15
2014-06-19,15
2014-06-20,15
2014-06-23,15
2014-06-24,15
2014-06-25,15
2014-06-26,15
2014-06-27,15
2014-06-30,16
2014-07-01,15
2014-07-02,15
2014-07-03,15
2014-07-07,14
2014-07-08,14
2014-07-09,14
2014-07-10,14
2014-07-11,14
2014-07-14,15
2014-07-15,14
2014-07-16,14
2014-07-17,14
2014-07-18,14
2014-07-21,14
2014-07-22,14
2014-07-23,14
2014-07-24,14
2014-07-25,14
2014-07-28,14
2014-07-29,15
2014-07-30,15
2014-07-31,14
2014-08-01,15
2014-08-04,15
2014-08-05,15
2014-08-06,16
2014-08-07,16
2014-08-08,16
2014-08-11,17
2014-08-12,17
2014-08-13,17
2014-08-14,17
2014-08-15,17
2014-08-18,17
2014-08-19,17
2014-08-20,17
2014-08-21,16
2014-08-22,17
2014-08-25,17
2014-08-26,17
2014-08-27,17
2014-08-28,17
2014-08-29,17
2014-09-02,18
2014-09-03,18
2014-09-04,19
2014-09-05,18
2014-09-08,18
2014-09-09,18
2014-09-10,18
2014-09-11,18
2014-09-12,18
2014-09-15,16
2014-09-16,17
2014-09-17,17
2014-09-18,17
2014-09-19,17
2014-09-22,16
2014-09-23,16
2014-09-24,16
2014-09-25,16
2014-09-26,16
2014-09-29,16
2014-09-30,16
2014-10-01,16
2014-10-02,16
2014-10-03,17
2014-10-06,17
2014-10-07,17
2014-10-08,17
2014-10-09,17
2014-10-10,15
2014-10-13,14
2014-10-14,15
2014-10-15,15
2014-10-16,15
2014-10-17,15
2014-10-20,15
2014-10-21,15
2014-10-22,15
2014-10-23,15
2014-10-24,15
2014-10-27,14
2014-10-28,16
2014-10-29,15
2014-10-30,15
2014-10-31,16
2014-11-03,16
2014-11-04,15
2014-11-05,15
2014-11-06,16
2014-11-07,16
2014-11-10,16
2014-11-11,16
2014-11-12,16
2014-11-13,16
2014-11-14,17
2014-11-17,16
2014-11-18,17
2014-11-19,16
2014-11-20,16
2014-11-21,16
2014-11-24,16
2014-11-25,16
2014-11-26,16
2014-11-28,16
2014-12-01,15
2014-12-02,15
2014-12-03,15
2014-12-04,15
2014-12-05,14
2014-12-08,14
2014-12-09,14
2014-12-10,13
2014-12-11,13
2014-12-12,13
2014-12-15,13
2014-12-16,13
2014-12-17,13
2014-12-18,14
2014-12-19,14
2014-12-22,14
2014-12-23,14
2014-12-24,14
2014-12-26,15
2014-12-29,15
2014-12-30,14
2014-12-31,14
2015-01-02,14
2015-01-05,14
2015-01-06,14
2015-01-07,14
2015-01-08,14
2015-01-09,13
2015-01-12,13
2015-01-13,13
2015-01-14,12
2015-01-15,12
2015-01-16,12
2015-01-20,12
2015-01-21,13
2015-01-22,13
2015-01-23,13
2015-01-26,13
2015-01-27,13
2015-01-28,13
2015-01-29,13
2015-01-30,13
2015-02-02,14
2015-02-03,14
2015-02-04,14
2015-02-05,14
2015-02-06,14
2015-02-09,14
2015-02-10,14
2015-02-11,14
2015-02-12,13
2015-02-13,13
2015-02-17,13
2015-02-18,13
2015-02-19,14
2015-02-20,14
2015-02-23,13
2015-02-24,13
2015-02-25,13
2015-02-26,13
2015-02-27,13
2015-03-02,13
2015-03-03,13
2015-03-04,13
2015-03-05,13
2015-03-06,12
2015-03-09,12
2015-03-10,12
2015-03-11,12
2015-03-12,12
2015-03-13,12
2015-03-16,13
2015-03-17,12
2015-03-18,13
2015-03-19,13
2015-03-20,13
2015-03-23,13
2015-03-24,13
2015-03-25,12
2015-03-26,12
2015-03-27,12
2015-03-30,12
2015-03-31,12
2015-04-01,12
2015-04-02,12
2015-04-06,13
2015-04-07,13
2015-04-08,13
2015-04-09,14
2015-04-10,14
2015-04-13,13
2015-04-14,13
2015-04-15,13
2015-04-16,13
2015-04-17,13
2015-04-20,13
2015-04-21,13
2015-04-22,14
2015-04-23,14
2015-04-24,14
2015-04-27,15
2015-04-28,15
2015-04-29,15
2015-04-30,15
2015-05-01,15
2015-05-04,15
2015-05-05,15
2015-05-06,15
2015-05-07,15
2015-05-08,15
2015-05-11,15
2015-05-12,16
2015-05-13,16
2015-05-14,16
2015-05-15,16
2015-05-18,16
2015-05-19,16
2015-05-20,16
2015-05-21,16
2015-05-22,16
2015-05-26,16
2015-05-27,16
2015-05-28,16
2015-05-29,16
2015-06-01,16
2015-06-02,16
2015-06-03,16
2015-06-04,16
2015-06-05,16
2015-06-08,17
2015-06-09,17
2015-06-10,16
2015-06-11,16
2015-06-12,16
2015-06-15,16
2015-06-16,16
2015-06-17,17
2015-06-18,17
2015-06-19,17
2015-06-22,17
2015-06-23,17
2015-06-24,17
2015-06-25,17
2015-06-26,17
2015-06-29,17
2015-06-30,17
2015-07-01,17
2015-07-02,18
2015-07-06,18
2015-07-07,17
2015-07-08,16
2015-07-09,17
2015-07-10,17
2015-07-13,17
2015-07-14,17
2015-07-15,17
2015-07-16,17
2015-07-17,18
2015-07-20,18
2015-07-21,17
2015-07-22,17
2015-07-23,17
2015-07-24,17
2015-07-27,16
2015-07-28,17
2015-07-29,17
2015-07-30,17
2015-07-31,17
2015-08-03,17
2015-08-04,17
2015-08-05,18
2015-08-06,16
2015-08-07,16
2015-08-10,16
2015-08-11,15
2015-08-12,15
2015-08-13,16
2015-08-14,16
2015-08-17,16
2015-08-18,17
2015-08-19,17
2015-08-20,16
2015-08-21,15
2015-08-24,14
2015-08-25,14
2015-08-26,14
2015-08-27,16
2015-08-28,16
2015-08-31,16
2015-09-01,15
2015-09-02,16
2015-09-03,16
2015-09-04,16
2015-09-08,16
2015-09-09,16
2015-09-10,16
2015-09-11,16
2015-09-14,16
2015-09-15,16
2015-09-16,17
2015-09-17,17
2015-09-18,17
2015-09-21,17
2015-09-22,17
2015-09-23,17
2015-09-24,17
2015-09-25,17
2015-09-28,16
2015-09-29,16
2015-09-30,16
2015-10-01,15
2015-10-02,16
2015-10-05,16
2015-10-06,16
2015-10-07,15
2015-10-08,15
2015-10-09,14
2015-10-12,14
2015-10-13,14
2015-10-14,14
2015-10-15,14
2015-10-16,15
2015-10-19,15
2015-10-20,14
2015-10-21,14
2015-10-22,14
2015-10-23,13
2015-10-26,14
2015-10-27,14
2015-10-28,14
2015-10-29,14
2015-10-30,13
2015-11-02,14
2015-11-03,13
2015-11-04,15
2015-11-05,15
2015-11-06,15
2015-11-09,15
2015-11-10,14
2015-11-11,14
2015-11-12,14
2015-11-13,13
2015-11-16,14
2015-11-17,14
2015-11-18,14
2015-11-19,14
2015-11-20,14
2015-11-23,14
2015-11-24,14
2015-11-25,15
2015-11-27,15
2015-11-30,15
2015-12-01,15
2015-12-02,15
2015-12-03,15
2015-12-04,15
2015-12-07,15
2015-12-08,15
2015-12-09,14
2015-12-10,15
2015-12-11,14
2015-12-14,14
2015-12-15,14
2015-12-16,15
2015-12-17,15
2015-12-18,15
2015-12-21,15
2015-12-22,15
2015-12-23,15
2015-12-24,15
2015-12-28,15
2015-12-29,15
2015-12-30,15
2015-12-31,16
2016-01-04,14
2016-01-05,14
2016-01-06,14
2016-01-07,14
2016-01-08,14
2016-01-11,13
2016-01-12,13
2016-01-13,13
2016-01-14,13
2016-01-15,13
2016-01-19,13
2016-01-20,13
2016-01-21,13
2016-01-22,13
2016-01-25,13
2016-01-26,12
2016-01-27,12
2016-01-28,12
2016-01-29,12
2016-02-01,13
2016-02-02,12
2016-02-03,11
2016-02-04,11
2016-02-05,10
2016-02-08,9
2016-02-09,9
2016-02-10,9
2016-02-11,10
2016-02-12,10
2016-02-16,10
2016-02-17,11
2016-02-18,11
2016-02-19,11
2016-02-22,11
2016-02-23,11
2016-02-24,11
2016-02-25,12
2016-02-26,12
2016-02-29,12
2016-03-01,12
2016-03-02,12
2016-03-03,13
2016-03-04,13
2016-03-07,13
2016-03-08,13
2016-03-09,13
2016-03-10,13
2016-03-11,13
2016-03-14,14
2016-03-15,14
2016-03-16,14
2016-03-17,15
2016-03-18,15
2016-03-21,15
2016-03-22,15
2016-03-23,14
2016-03-24,15
2016-03-28,15
2016-03-29,15
2016-03-30,15
2016-03-31,15
2016-04-01,15
2016-04-04,16
2016-04-05,17
2016-04-06,17
2016-04-07,17
2016-04-08,16
2016-04-11,16
2016-04-12,16
2016-04-13,16
2016-04-14,16
2016-04-15,16
2016-04-18,16
2016-04-19,16
2016-04-20,16
2016-04-21,16
2016-04-22,16
2016-04-25,16
2016-04-26,16
2016-04-27,16
2016-04-28,16
2016-04-29,16
2016-05-02,16
2016-05-03,15
2016-05-04,14
2016-05-05,14
2016-05-06,14
2016-05-09,13
2016-05-10,13
2016-05-11,13
2016-05-12,13
2016-05-13,13
2016-05-16,13
2016-05-17,13
2016-05-18,14
2016-05-19,14
2016-05-20,14
2016-05-23,14
2016-05-24,14
2016-05-25,14
2016-05-26,15
2016-05-27,14
2016-05-31,14
2016-06-01,14
2016-06-02,14
2016-06-03,14
2016-06-06,14
2016-06-07,15
2016-06-08,15
2016-06-09,15
2016-06-10,14
2016-06-13,14
2016-06-14,14
2016-06-15,14
2016-06-16,14
2016-06-17,14
2016-06-20,14
2016-06-21,14
2016-06-22,13
2016-06-23,13
2016-06-24,12
2016-06-27,13
2016-06-28,13
2016-06-29,14
2016-06-30,14
2016-07-01,14
2016-07-05,14
2016-07-06,14
2016-07-07,14
2016-07-08,14
2016-07-11,14
2016-07-12,14
2016-07-13,14
2016-07-14,14
2016-07-15,14
2016-07-18,15
2016-07-19,15
2016-07-20,15
2016-07-21,14
2016-07-22,14
2016-07-25,15
2016-07-26,15
2016-07-27,15
2016-07-28,15
2016-07-29,15
2016-08-01,15
2016-08-02,15
2016-08-03,15
2016-08-04,15
2016-08-05,15
2016-08-08,15
2016-08-09,15
2016-08-10,15
2016-08-11,14
2016-08-12,15
2016-08-15,15
2016-08-16,14
2016-08-17,14
2016-08-18,14
2016-08-19,15
2016-08-22,14
2016-08-23,14
2016-08-24,14
2016-08-25,14
2016-08-26,14
2016-08-29,14
2016-08-30,14
2016-08-31,14
2016-09-01,13
2016-09-02,13
2016-09-06,13
2016-09-07,13
2016-09-08,13
2016-09-09,12
2016-09-12,13
2016-09-13,13
2016-09-14,13
2016-09-15,13
2016-09-16,13
2016-09-19,13
2016-09-20,13
2016-09-21,13
2016-09-22,13
2016-09-23,13
2016-09-26,13
2016-09-27,13
2016-09-28,13
2016-09-29,13
2016-09-30,13
2016-10-03,14
2016-10-04,14
2016-10-05,13
2016-10-06,13
2016-10-07,13
2016-10-10,13
2016-10-11,13
2016-10-12,13
2016-10-13,13
2016-10-14,13
2016-10-17,12
2016-10-18,13
2016-10-19,13
2016-10-20,13
2016-10-21,13
2016-10-24,13
2016-10-25,13
2016-10-26,13
2016-10-27,13
2016-10-28,13
2016-10-31,13
2016-11-01,12
2016-11-02,12
2016-11-03,12
2016-11-04,12
2016-11-07,12
2016-11-08,12
2016-11-09,12
2016-11-10,12
2016-11-11,12
2016-11-14,12
2016-11-15,12
2016-11-16,12
2016-11-17,12
2016-11-18,12
2016-11-21,12
2016-11-22,12
2016-11-23,12
2016-11-25,13
2016-11-28,13
2016-11-29,12
2016-11-30,12
2016-12-01,12
2016-12-02,12
2016-12-05,12
2016-12-06,12
2016-12-07,12
2016-12-08,12
2016-12-09,12
2016-12-12,12
2016-12-13,13
2016-12-14,13
2016-12-15,13
2016-12-16,13
2016-12-19,13
2016-12-20,13
2016-12-21,13
2016-12-22,13
2016-12-23,14
2016-12-27,14
2016-12-28,14
2016-12-29,14
2016-12-30,14
2017-01-03,14
2017-01-04,15
2017-01-05,15
2017-01-06,15
2017-01-09,15
2017-01-10,15
2017-01-11,15
2017-01-12,15
2017-01-13,15
2017-01-17,15
2017-01-18,15
2017-01-19,16
2017-01-20,16
2017-01-23,16
2017-01-24,16
2017-01-25,16
2017-01-26,16
2017-01-27,16
2017-01-30,16
2017-01-31,16
2017-02-01,16
2017-02-02,16
2017-02-03,16
2017-02-06,17
2017-02-07,17
2017-02-08,17
2017-02-09,17
2017-02-10,17
2017-02-13,18
2017-02-14,18
2017-02-15,18
2017-02-16,17
2017-02-17,18
2017-02-21,18
2017-02-22,18
2017-02-23,17
2017-02-24,17
2017-02-27,16
2017-02-28,16
2017-03-01,16
2017-03-02,16
2017-03-03,16
2017-03-06,16
2017-03-07,16
2017-03-08,16
2017-03-09,16
2017-03-10,16
2017-03-13,16
2017-03-14,17
2017-03-15,17
2017-03-16,17
2017-03-17,17
2017-03-20,17
2017-03-21,16
2017-03-22,17
2017-03-23,16
2017-03-24,17
2017-03-27,18
2017-03-28,18
2017-03-29,18
2017-03-30,18
2017-03-31,18
2017-04-03,19
2017-04-04,20
2017-04-05,19
2017-04-06,19
2017-04-07,20
2017-04-10,20
2017-04-11,20
2017-04-12,19
2017-04-13,20
2017-04-17,20
2017-04-18,20
2017-04-19,20
2017-04-20,20
2017-04-21,20
2017-04-24,20
2017-04-25,20
2017-04-26,20
2017-04-27,20
2017-04-28,20
2017-05-01,21
2017-05-02,21
2017-05-03,20
2017-05-04,19
2017-05-05,20
2017-05-08,20
2017-05-09,21
2017-05-10,21
2017-05-11,21
2017-05-12,21
2017-05-15,21
2017-05-16,21
2017-05-17,20
2017-05-18,20
2017-05-19,20
2017-05-22,20
2017-05-23,20
2017-05-24,20
2017-05-25,21
2017-05-26,21
2017-05-30,22
2017-05-31,22
2017-06-01,22
2017-06-02,22
2017-06-05,23
2017-06-06,23
2017-06-07,23
2017-06-08,24
2017-06-09,23
2017-06-12,23
2017-06-13,25
2017-06-14,25
2017-06-15,25
2017-06-16,24
2017-06-19,24
2017-06-20,24
2017-06-21,25
2017-06-22,25
2017-06-23,25
2017-06-26,25
2017-06-27,24
2017-06-28,24
2017-06-29,24
2017-06-30,24
2017-07-03,23
2017-07-05,21
2017-07-06,20
2017-07-07,20
2017-07-10,21
2017-07-11,21
2017-07-12,21
2017-07-13,21
2017-07-14,21
2017-07-17,21
2017-07-18,21
2017-07-19,21
2017-07-20,21
2017-07-21,21
2017-07-24,22
2017-07-25,22
2017-07-26,22
2017-07-27,22
2017-07-28,22
2017-07-31,21
2017-08-01,21
2017-08-02,21
2017-08-03,23
2017-08-04,23
2017-08-07,23
2017-08-08,24
2017-08-09,24
2017-08-10,23
2017-08-11,23
2017-08-14,24
2017-08-15,24
2017-08-16,24
2017-08-17,23
2017-08-18,23
2017-08-21,22
2017-08-22,22
2017-08-23,23
2017-08-24,23
2017-08-25,23
2017-08-28,23
2017-08-29,23
2017-08-30,23
2017-08-31,23
2017-09-01,23
2017-09-05,23
2017-09-06,22
2017-09-07,23
2017-09-08,22
2017-09-11,24
2017-09-12,24
2017-09-13,24
2017-09-14,25
2017-09-15,25
2017-09-18,25
2017-09-19,25
2017-09-20,24
2017-09-21,24
2017-09-22,23
2017-09-25,22
2017-09-26,23
2017-09-27,22
2017-09-28,22
2017-09-29,22
2017-10-02,22
2017-10-03,23
2017-10-04,23
2017-10-05,23
2017-10-06,23
2017-10-09,22
2017-10-10,23
2017-10-11,23
2017-10-12,23
2017-10-13,23
2017-10-16,23
2017-10-17,23
2017-10-18,23
2017-10-19,23
2017-10-20,23
2017-10-23,22
2017-10-24,22
2017-10-25,21
2017-10-26,21
2017-10-27,21
2017-10-30,21
2017-10-31,22
2017-11-01,21
2017-11-02,19
2017-11-03,20
2017-11-06,20
2017-11-07,20
2017-11-08,20
2017-11-09,20
2017-11-10,20
2017-11-13,21
2017-11-14,20
2017-11-15,20
2017-11-16,20
2017-11-17,21
2017-11-20,20
2017-11-21,21
2017-11-22,20
2017-11-24,21
2017-11-27,21
2017-11-28,21
2017-11-29,20
2017-11-30,20
2017-12-01,20
2017-12-04,20
2017-12-05,20
2017-12-06,20
2017-12-07,20
2017-12-08,21
2017-12-11,21
2017-12-12,22
2017-12-13,22
2017-12-14,22
2017-12-15,22
2017-12-18,22
2017-12-19,22
2017-12-20,21
2017-12-21,22
2017-12-22,21
2017-12-26,21
2017-12-27,20
2017-12-28,21
2017-12-29,20
2018-01-02,21
2018-01-03,21
2018-01-04,20
2018-01-05,21
2018-01-08,22
2018-01-09,22
2018-01-10,22
2018-01-11,22
2018-01-12,22
2018-01-16,22
2018-01-17,23
2018-01-18,22
2018-01-19,23
2018-01-22,23
2018-01-23,23
2018-01-24,23
2018-01-25,22
2018-01-26,22
2018-01-29,23
2018-01-30,23
2018-01-31,23
2018-02-01,23
2018-02-02,22
2018-02-05,22
2018-02-06,22
2018-02-07,23
2018-02-08,21
2018-02-09,20
2018-02-12,21
2018-02-13,21
2018-02-14,21
2018-02-15,22
2018-02-16,22
2018-02-20,22
2018-02-21,22
2018-02-22,23
2018-02-23,23
2018-02-26,23
2018-02-27,23
2018-02-28,22
2018-03-01,22
2018-03-02,22
2018-03-05,22
2018-03-06,21
2018-03-07,22
2018-03-08,21
2018-03-09,21
2018-03-12,23
2018-03-13,22
2018-03-14,21
2018-03-15,21
2018-03-16,21
2018-03-19,20
2018-03-20,20
2018-03-21,21
2018-03-22,20
2018-03-23,20
2018-03-26,20
2018-03-27,18
2018-03-28,17
2018-03-29,17
2018-04-02,16
2018-04-03,17
2018-04-04,19
2018-04-05,20
2018-04-06,19
2018-04-09,19
2018-04-10,20
2018-04-11,20
2018-04-12,19
2018-04-13,20
2018-04-16,19
2018-04-17,19
2018-04-18,19
2018-04-19,20
2018-04-20,19
2018-04-23,18
2018-04-24,18
2018-04-25,18
2018-04-26,19
2018-04-27,19
2018-04-30,19
2018-05-01,19
2018-05-02,20
2018-05-03,18
2018-05-04,19
2018-05-07,20
2018-05-08,20
2018-05-09,20
2018-05-10,20
2018-05-11,20
2018-05-14,19
2018-05-15,18
2018-05-16,19
2018-05-17,18
2018-05-18,18
2018-05-21,18
2018-05-22,18
2018-05-23,18
2018-05-24,18
2018-05-25,18
2018-05-29,18
2018-05-30,19
2018-05-31,18
2018-06-01,19
2018-06-04,19
2018-06-05,19
2018-06-06,21
2018-06-07,21
2018-06-08,21
2018-06-11,22
2018-06-12,22
2018-06-13,22
2018-06-14,23
2018-06-15,23
2018-06-18,24
2018-06-19,23
2018-06-20,24
2018-06-21,23
2018-06-22,22
2018-06-25,22
2018-06-26,22
2018-06-27,22
2018-06-28,23
2018-06-29,22
2018-07-02,22
2018-07-03,20
2018-07-05,20
2018-07-06,20
2018-07-09,21
2018-07-10,21
2018-07-11,21
2018-07-12,21
2018-07-13,21
2018-07-16,20
2018-07-17,21
2018-07-18,21
2018-07-19,21
2018-07-20,20
2018-07-23,20
2018-07-24,19
2018-07-25,20
2018-07-26,20
2018-07-27,19
2018-07-30,19
2018-07-31,19
2018-08-01,20
2018-08-02,23
2018-08-03,23
2018-08-06,22
2018-08-07,25
2018-08-08,24
2018-08-09,23
2018-08-10,23
2018-08-13,23
2018-08-14,23
2018-08-15,22
2018-08-16,22
2018-08-17,20
2018-08-20,20
2018-08-21,21
2018-08-22,21
2018-08-23,21
2018-08-24,21
2018-08-27,21
2018-08-28,20
2018-08-29,20
2018-08-30,20
2018-08-31,20
2018-09-04,19
2018-09-05,18
2018-09-06,18
2018-09-07,17
2018-09-10,19
2018-09-11,18
2018-09-12,19
2018-09-13,19
2018-09-14,19
2018-09-17,19
2018-09-18,18
2018-09-19,19
2018-09-20,19
2018-09-21,19
2018-09-24,19
2018-09-25,20
2018-09-26,20
2018-09-27,20
2018-09-28,17
2018-10-01,20
2018-10-02,20
2018-10-03,19
2018-10-04,18
2018-10-05,17
2018-10-08,16
2018-10-09,17
2018-10-10,17
2018-10-11,16
2018-10-12,17
2018-10-15,17
2018-10-16,18
2018-10-17,18
2018-10-18,17
2018-10-19,17
2018-10-22,17
2018-10-23,19
2018-10-24,19
2018-10-25,20
2018-10-26,22
2018-10-29,22
2018-10-30,21
2018-10-31,22
2018-11-01,22
2018-11-02,23
2018-11-05,22
2018-11-06,22
2018-11-07,23
2018-11-08,23
2018-11-09,23
2018-11-12,22
2018-11-13,22
2018-11-14,22
2018-11-15,23
2018-11-16,23
2018-11-19,23
2018-11-20,23
2018-11-21,22
2018-11-23,21
2018-11-26,23
2018-11-27,22
2018-11-28,23
2018-11-29,22
2018-11-30,23
2018-12-03,23
2018-12-04,23
2018-12-06,24
2018-12-07,23
2018-12-10,24
2018-12-11,24
2018-12-12,24
2018-12-13,25
2018-12-14,24
2018-12-17,23
2018-12-18,22
2018-12-19,22
2018-12-20,21
2018-12-21,21
2018-12-24,19
2018-12-26,21
2018-12-27,21
2018-12-28,22
2018-12-31,22
2019-01-02,20
2019-01-03,20
2019-01-04,21
2019-01-07,22
2019-01-08,22
2019-01-09,22
2019-01-10,22
2019-01-11,23
2019-01-14,22
2019-01-15,22
2019-01-16,23
2019-01-17,23
2019-01-18,20
2019-01-22,19
2019-01-23,19
2019-01-24,19
2019-01-25,19
2019-01-28,19
2019-01-29,19
2019-01-30,20
2019-01-31,20
2019-02-01,20
2019-02-04,20
2019-02-05,21
2019-02-06,21
2019-02-07,20
2019-02-08,20
2019-02-11,20
2019-02-12,20
2019-02-13,20
2019-02-14,20
2019-02-15,20
2019-02-19,20
2019-02-20,20
2019-02-21,19
2019-02-22,19
2019-02-25,19
2019-02-26,19
2019-02-27,20
2019-02-28,21
2019-03-01,19
2019-03-04,19
2019-03-05,18
2019-03-06,18
2019-03-07,18
2019-03-08,18
2019-03-11,19
2019-03-12,18
2019-03-13,19
2019-03-14,19
2019-03-15,18
2019-03-18,17
2019-03-19,17
2019-03-20,18
2019-03-21,18
2019-03-22,17
2019-03-25,17
2019-03-26,17
2019-03-27,18
2019-03-28,18
2019-03-29,18
2019-04-01,19
2019-04-02,19
2019-04-03,19
2019-04-04,17
2019-04-05,18
2019-04-08,18
2019-04-09,18
2019-04-10,18
2019-04-11,17
2019-04-12,17
2019-04-15,17
2019-04-16,18
2019-04-17,18
2019-04-18,18
2019-04-22,17
2019-04-23,17
2019-04-24,17
2019-04-25,16
2019-04-26,15
2019-04-29,16
2019-04-30,15
2019-05-01,15
2019-05-02,16
2019-05-03,17
2019-05-06,17
2019-05-07,16
2019-05-08,16
2019-05-09,16
2019-05-10,15
2019-05-13,15
2019-05-14,15
2019-05-15,15
2019-05-16,15
2019-05-17,14
2019-05-20,13
2019-05-21,13
2019-05-22,12
2019-05-23,13
2019-05-24,12
2019-05-28,12
2019-05-29,12
2019-05-30,12
2019-05-31,12
2019-06-03,11
2019-06-04,12
2019-06-05,13
2019-06-06,13
2019-06-07,13
2019-06-10,14
2019-06-11,14
2019-06-12,13
2019-06-13,14
2019-06-14,14
2019-06-17,15
2019-06-18,14
2019-06-19,15
2019-06-20,14
2019-06-21,14
2019-06-24,14
2019-06-25,14
2019-06-26,14
2019-06-27,14
2019-06-28,14
2019-07-01,15
2019-07-02,14
2019-07-03,15
2019-07-05,15
2019-07-08,15
2019-07-09,15
2019-07-10,15
2019-07-11,15
2019-07-12,16
2019-07-15,16
2019-07-16,16
2019-07-17,16
2019-07-18,16
2019-07-19,17
2019-07-22,17
2019-07-23,17
2019-07-24,17
2019-07-25,15
2019-07-26,15
2019-07-29,15
2019-07-30,16
2019-07-31,16
2019-08-01,15
2019-08-02,15
2019-08-05,15
2019-08-06,15
2019-08-07,15
2019-08-08,15
2019-08-09,15
2019-08-12,15
2019-08-13,15
2019-08-14,14
2019-08-15,14
2019-08-16,14
2019-08-19,15
2019-08-20,15
2019-08-21,14
2019-08-22,14
2019-08-23,14
2019-08-26,14
2019-08-27,14
2019-08-28,14
2019-08-29,14
2019-08-30,15
2019-09-03,15
2019-09-04,14
2019-09-05,15
2019-09-06,15
2019-09-09,15
2019-09-10,15
2019-09-11,16
2019-09-12,16
2019-09-13,16
2019-09-16,16
2019-09-17,16
2019-09-18,16
2019-09-19,16
2019-09-20,16
2019-09-23,16
2019-09-24,14
2019-09-25,15
2019-09-26,16
2019-09-27,16
2019-09-30,16
2019-10-01,16
2019-10-02,16
2019-10-03,15
2019-10-04,15
2019-10-07,15
2019-10-08,16
2019-10-09,16
2019-10-10,16
2019-10-11,16
2019-10-14,17
2019-10-15,17
2019-10-16,17
2019-10-17,17
2019-10-18,17
2019-10-21,16
2019-10-22,17
2019-10-23,16
2019-10-24,19
2019-10-25,21
2019-10-28,21
2019-10-29,21
2019-10-30,21
2019-10-31,20
2019-11-01,20
2019-11-04,21
2019-11-05,21
2019-11-06,21
2019-11-07,22
2019-11-08,22
2019-11-11,23
2019-11-12,23
2019-11-13,23
2019-11-14,23
2019-11-15,23
2019-11-18,23
2019-11-19,23
2019-11-20,23
2019-11-21,23
2019-11-22,22
2019-11-25,22
2019-11-26,21
2019-11-27,22
2019-11-29,21
2019-12-02,22
2019-12-03,22
2019-12-04,22
2019-12-05,22
2019-12-06,22
2019-12-09,22
2019-12-10,23
2019-12-11,23
2019-12-12,23
2019-12-13,23
2019-12-16,25
2019-12-17,25
2019-12-18,26
2019-12-19,26
2019-12-20,27
2019-12-23,27
2019-12-24,28
2019-12-26,28
2019-12-27,28
2019-12-30,27
2019-12-31,27
2020-01-02,28
2020-01-03,29
2020-01-06,30
2020-01-07,31
2020-01-08,32
2020-01-09,32
2020-01-10,31
2020-01-13,34
2020-01-14,35
2020-01-15,34
2020-01-16,34
2020-01-17,34
2020-01-21,36
2020-01-22,37
2020-01-23,38
2020-01-24,37
2020-01-27,37
2020-01-28,37
2020-01-29,38
2020-01-30,42
2020-01-31,43
2020-02-03,52
2020-02-04,59
2020-02-05,48
2020-02-06,49
2020-02-07,49
2020-02-10,51
2020-02-11,51
2020-02-12,51
2020-02-13,53
2020-02-14,53
2020-02-18,57
2020-02-19,61
2020-02-20,59
2020-02-21,60
2020-02-24,55
2020-02-25,53
2020-02-26,51
2020-02-27,45
2020-02-28,44
2020-03-02,49
2020-03-03,49
2020-03-04,49
2020-03-05,48
2020-03-06,46
2020-03-09,40
2020-03-10,43
2020-03-11,42
2020-03-12,37
2020-03-13,36
2020-03-16,29
2020-03-17,28
2020-03-18,24
2020-03-19,28
2020-03-20,28
2020-03-23,28
2020-03-24,33
2020-03-25,35
2020-03-26,35
2020-03-27,34
2020-03-30,33
2020-03-31,34
2020-04-01,32
2020-04-02,30
2020-04-03,32
2020-04-06,34
2020-04-07,36
2020-04-08,36
2020-04-09,38
2020-04-13,43
2020-04-14,47
2020-04-15,48
2020-04-16,49
2020-04-17,50
2020-04-20,49
2020-04-21,45
2020-04-22,48
2020-04-23,47
2020-04-24,48
2020-04-27,53
2020-04-28,51
2020-04-29,53
2020-04-30,52
2020-05-01,46
2020-05-04,50
2020-05-05,51
2020-05-06,52
2020-05-07,52
2020-05-08,54
2020-05-11,54
2020-05-12,53
2020-05-13,52
2020-05-14,53
2020-05-15,53
2020-05-18,54
2020-05-19,53
2020-05-20,54
2020-05-21,55
2020-05-22,54
2020-05-26,54
2020-05-27,54
2020-05-28,53
2020-05-29,55
2020-06-01,59
2020-06-02,58
2020-06-03,58
2020-06-04,57
2020-06-05,59
2020-06-08,63
2020-06-09,62
2020-06-10,68
2020-06-11,64
2020-06-12,62
2020-06-15,66
2020-06-16,65
2020-06-17,66
2020-06-18,66
2020-06-19,66
2020-06-22,66
2020-06-23,66
2020-06-24,64
2020-06-25,65
2020-06-26,63
2020-06-29,67
2020-06-30,71
2020-07-01,74
2020-07-02,80
2020-07-06,91
2020-07-07,92
2020-07-08,91
2020-07-09,92
2020-07-10,102
2020-07-13,99
2020-07-14,101
2020-07-15,103
2020-07-16,100
2020-07-17,100
2020-07-20,109
2020-07-21,104
2020-07-22,106
2020-07-23,100
2020-07-24,94
2020-07-27,102
2020-07-28,98
2020-07-29,99
2020-07-30,99
2020-07-31,95
2020-08-03,99
2020-08-04,99
2020-08-05,99
2020-08-06,99
2020-08-07,96
2020-08-10,94
2020-08-11,91
2020-08-12,103
2020-08-13,108
2020-08-14,110
2020-08-17,122
2020-08-18,125
2020-08-19,125
2020-08-20,133
2020-08-21,136
2020-08-24,134
2020-08-25,134
2020-08-26,143
2020-08-27,149
2020-08-28,147
2020-08-31,166
2020-09-01,158
2020-09-02,149
2020-09-03,135
2020-09-04,139
2020-09-08,110
2020-09-09,122
2020-09-10,123
2020-09-11,124
2020-09-14,139
2020-09-15,149
2020-09-16,147
2020-09-17,141
2020-09-18,147
2020-09-21,149
2020-09-22,141
2020-09-23,126
2020-09-24,129
2020-09-25,135
2020-09-28,140
2020-09-29,139
2020-09-30,143
2020-10-01,149
2020-10-02,138
2020-10-05,141
2020-10-06,137
2020-10-07,141
2020-10-08,141
2020-10-09,144
2020-10-12,147
2020-10-13,148
2020-10-14,153
2020-10-15,149
2020-10-16,146
2020-10-19,143
2020-10-20,140
2020-10-21,140
2020-10-22,141
2020-10-23,140
2020-10-26,140
2020-10-27,141
2020-10-28,135
2020-10-29,136
2020-10-30,129
2020-11-02,133
2020-11-03,141
2020-11-04,140
2020-11-05,146
2020-11-06,143
2020-11-09,140
2020-11-10,136
2020-11-11,139
2020-11-12,137
2020-11-13,136
2020-11-16,136
2020-11-17,147
2020-11-18,162
2020-11-19,166
2020-11-20,163
2020-11-23,173
2020-11-24,185
2020-11-25,191
2020-11-27,195
2020-11-30,189
2020-12-01,194
2020-12-02,189
2020-12-03,197
2020-12-04,199
2020-12-07,213
2020-12-08,216
2020-12-09,201
2020-12-10,209
2020-12-11,203
2020-12-14,213
2020-12-15,211
2020-12-16,207
2020-12-17,218
2020-12-18,231
2020-12-21,216
2020-12-22,213
2020-12-23,215
2020-12-24,220
2020-12-28,221
2020-12-29,221
2020-12-30,231
2020-12-31,235
2021-01-04,243
2021-01-05,245
2021-01-06,251
2021-01-07,272
2021-01-08,293
2021-01-11,270
2021-01-12,283
2021-01-13,284
2021-01-14,281
2021-01-15,275
2021-01-19,281
2021-01-20,283
2021-01-21,281
2021-01-22,282
2021-01-25,293
2021-01-26,294
2021-01-27,288
2021-01-28,278
2021-01-29,264
2021-02-01,279
2021-02-02,290
2021-02-03,284
2021-02-04,283
2021-02-05,284
2021-02-08,287
2021-02-09,283
2021-02-10,268
2021-02-11,270
2021-02-12,272
2021-02-16,265
2021-02-17,266
2021-02-18,262
2021-02-19,260
2021-02-22,238
2021-02-23,232
2021-02-24,247
2021-02-25,227
2021-02-26,225
2021-03-01,239
2021-03-02,228
2021-03-03,217
2021-03-04,207
2021-03-05,199
2021-03-08,187
2021-03-09,224
2021-03-10,222
2021-03-11,233
2021-03-12,231
2021-03-15,235
2021-03-16,225
2021-03-17,233
2021-03-18,217
2021-03-19,218
2021-03-22,223
2021-03-23,220
2021-03-24,210
2021-03-25,213
2021-03-26,206
2021-03-29,203
2021-03-30,211
2021-03-31,222
2021-04-01,220
2021-04-05,230
2021-04-06,230
2021-04-07,223
2021-04-08,227
2021-04-09,225
2021-04-12,233
2021-04-13,254
2021-04-14,244
2021-04-15,246
2021-04-16,246
2021-04-19,238
2021-04-20,239
2021-04-21,248
2021-04-22,239
2021-04-23,243
2021-04-26,246
2021-04-27,234
2021-04-28,231
2021-04-29,225
2021-04-30,236
2021-05-03,228
2021-05-04,224
2021-05-05,223
2021-05-06,221
2021-05-07,224
2021-05-10,209
2021-05-11,205
2021-05-12,196
2021-05-13,190
2021-05-14,196
2021-05-17,192
2021-05-18,192
2021-05-19,187
2021-05-20,195
2021-05-21,193
2021-05-24,202
2021-05-25,201
2021-05-26,206
2021-05-27,210
2021-05-28,208
2021-06-01,207
2021-06-02,201
2021-06-03,190
2021-06-04,199
2021-06-07,201
2021-06-08,201
2021-06-09,199
2021-06-10,203
2021-06-11,203
2021-06-14,205
2021-06-15,199
2021-06-16,201
2021-06-17,205
2021-06-18,207
2021-06-21,206
2021-06-22,207
2021-06-23,218
2021-06-24,226
2021-06-25,223
2021-06-28,229
2021-06-29,226
2021-06-30,226
2021-07-01,225
2021-07-02,226
2021-07-06,219
2021-07-07,214
2021-07-08,217
2021-07-09,218
2021-07-12,228
2021-07-13,222
2021-07-14,217
2021-07-15,216
2021-07-16,214
2021-07-19,215
2021-07-20,220
2021-07-21,218
2021-07-22,216
2021-07-23,214
2021-07-26,219
2021-07-27,214
2021-07-28,215
2021-07-29,225
2021-07-30,229
2021-08-02,236
2021-08-03,236
2021-08-04,236
2021-08-05,238
2021-08-06,233
2021-08-09,237
2021-08-10,236
2021-08-11,235
2021-08-12,240
2021-08-13,239
2021-08-16,228
2021-08-17,221
2021-08-18,229
2021-08-19,224
2021-08-20,226
2021-08-23,235
2021-08-24,236
2021-08-25,237
2021-08-26,233
2021-08-27,237
2021-08-30,243
2021-08-31,245
2021-09-01,244
2021-09-02,244
2021-09-03,244
2021-09-07,250
2021-09-08,251
2021-09-09,251
2021-09-10,245
2021-09-13,247
2021-09-14,248
2021-09-15,251
2021-09-16,252
2021-09-17,253
2021-09-20,243
2021-09-21,246
2021-09-22,250
2021-09-23,251
2021-09-24,258
2021-09-27,263
2021-09-28,259
2021-09-29,260
2021-09-30,258
2021-10-01,258
2021-10-04,260
2021-10-05,260
2021-10-06,260
2021-10-07,264
2021-10-08,261
2021-10-11,263
2021-10-12,268
2021-10-13,270
2021-10-14,272
2021-10-15,281
2021-10-18,290
2021-10-19,288
2021-10-20,288
2021-10-21,298
2021-10-22,303
2021-10-25,341
2021-10-26,339
2021-10-27,345
2021-10-28,359
2021-10-29,371
2021-11-01,402
2021-11-02,390
2021-11-03,404
2021-11-04,409
2021-11-05,407
2021-11-08,387
2021-11-09,341
2021-11-10,355
2021-11-11,354
2021-11-12,344
2021-11-15,337
2021-11-16,351
2021-11-17,363
2021-11-18,365
2021-11-19,379
2021-11-22,385
2021-11-23,369
2021-11-24,372
2021-11-26,360
2021-11-29,378
2021-11-30,381
2021-12-01,365
2021-12-02,361
2021-12-03,338
2021-12-06,336
2021-12-07,350
2021-12-08,356
2021-12-09,334
2021-12-10,339
2021-12-13,322
2021-12-14,319
2021-12-15,325
2021-12-16,308
2021-12-17,310
2021-12-20,299
2021-12-21,312
2021-12-22,336
2021-12-23,355
2021-12-27,364
2021-12-28,362
2021-12-29,362
2021-12-30,356
2021-12-31,352
2022-01-03,399
2022-01-04,383
2022-01-05,362
2022-01-06,354
2022-01-07,342
2022-01-10,352
2022-01-11,354
2022-01-12,368
2022-01-13,343
2022-01-14,349
2022-01-18,343
2022-01-19,331
2022-01-20,332
2022-01-21,314
2022-01-24,310
2022-01-25,306
2022-01-26,312
2022-01-27,276
2022-01-28,282
2022-01-31,312
2022-02-01,310
2022-02-02,301
2022-02-03,297
2022-02-04,307
2022-02-07,302
2022-02-08,307
2022-02-09,310
2022-02-10,301
2022-02-11,286
2022-02-14,291
2022-02-15,307
2022-02-16,307
2022-02-17,292
2022-02-18,285
2022-02-22,273
2022-02-23,254
2022-02-24,266
2022-02-25,269
2022-02-28,290
2022-03-01,288
2022-03-02,293
2022-03-03,279
2022-03-04,279
2022-03-07,268
2022-03-08,274
2022-03-09,286
2022-03-10,279
2022-03-11,265
2022-03-14,255
2022-03-15,267
2022-03-16,280
2022-03-17,290
2022-03-18,301
2022-03-21,307
2022-03-22,331
2022-03-23,333
2022-03-24,337
2022-03-25,336
2022-03-28,363
2022-03-29,366
2022-03-30,364
2022-03-31,359
2022-04-01,361
2022-04-04,381
2022-04-05,363
2022-04-06,348
2022-04-07,352
2022-04-08,341
2022-04-11,325
2022-04-12,328
2022-04-13,340
2022-04-14,328
2022-04-18,334
2022-04-19,342
2022-04-20,325
2022-04-21,336
2022-04-22,335
2022-04-25,332
2022-04-26,292
2022-04-27,293
2022-04-28,292
2022-04-29,290
2022-05-02,300
2022-05-03,303
2022-05-04,317
2022-05-05,291
2022-05-06,288
2022-05-09,262
2022-05-10,266
2022-05-11,244
2022-05-12,242
2022-05-13,256
2022-05-16,241
2022-05-17,253
2022-05-18,236
2022-05-19,236
2022-05-20,221
2022-05-23,224
2022-05-24,209
2022-05-25,219
2022-05-26,235
2022-05-27,253
2022-05-31,252
2022-06-01,246
2022-06-02,258
2022-06-03,234
2022-06-06,238
2022-06-07,238
2022-06-08,241
2022-06-09,239
2022-06-10,232
2022-06-13,215
2022-06-14,220
2022-06-15,233
2022-06-16,213
2022-06-17,216
2022-06-21,237
2022-06-22,236
2022-06-23,235
2022-06-24,245
2022-06-27,244
2022-06-28,232
2022-06-29,228
2022-06-30,224
2022-07-01,227
2022-07-05,233
2022-07-06,231
2022-07-07,244
2022-07-08,250
2022-07-11,234
2022-07-12,233
2022-07-13,237
2022-07-14,238
2022-07-15,240
2022-07-18,240
2022-07-19,245
2022-07-20,247
2022-07-21,271
2022-07-22,272
2022-07-25,268
2022-07-26,258
2022-07-27,274
2022-07-28,280
2022-07-29,297
2022-08-01,297
2022-08-02,300
2022-08-03,307
2022-08-04,308
2022-08-05,288
2022-08-08,290
2022-08-09,283
2022-08-10,294
2022-08-11,286
2022-08-12,300
2022-08-15,309
2022-08-16,306
2022-08-17,303
2022-08-18,302
2022-08-19,296
2022-08-22,289
2022-08-23,296
2022-08-24,297
2022-08-25,296
2022-08-26,288
2022-08-29,284
2022-08-30,277
2022-08-31,275
2022-09-01,277
2022-09-02,270
2022-09-06,274
2022-09-07,283
2022-09-08,289
2022-09-09,299
2022-09-12,304
2022-09-13,292
2022-09-14,302
2022-09-15,303
2022-09-16,303
2022-09-19,309
2022-09-20,308
2022-09-21,300
2022-09-22,288
2022-09-23,275
2022-09-26,276
2022-09-27,282
2022-09-28,287
2022-09-29,268
2022-09-30,265
2022-10-03,242
2022-10-04,249
2022-10-05,240
2022-10-06,238
2022-10-07,223
2022-10-10,222
2022-10-11,216
2022-10-12,217
2022-10-13,221
2022-10-14,204
2022-10-17,219
2022-10-18,220
2022-10-19,222
2022-10-20,207
2022-10-21,214
2022-10-24,211
2022-10-25,222
2022-10-26,224
2022-10-27,225
2022-10-28,228
2022-10-31,227
2022-11-01,227
2022-11-02,214
2022-11-03,215
2022-11-04,207
2022-11-07,197
2022-11-08,191
2022-11-09,177
2022-11-10,190
2022-11-11,195
2022-11-14,190
2022-11-15,194
2022-11-16,186
2022-11-17,183
2022-11-18,180
2022-11-21,167
2022-11-22,169
2022-11-23,183
2022-11-25,182
2022-11-28,182
2022-11-29,180
2022-11-30,194
2022-12-01,194
2022-12-02,194
2022-12-05,182
2022-12-06,179
2022-12-07,174
2022-12-08,173
2022-12-09,179
2022-12-12,167
2022-12-13,160
2022-12-14,156
2022-12-15,157
2022-12-16,150
2022-12-19,149
2022-12-20,137
2022-12-21,137
2022-12-22,125
2022-12-23,123
2022-12-27,109
2022-12-28,112
2022-12-29,121
2022-12-30,123
2023-01-03,108
2023-01-04,113
2023-01-05,110
2023-01-06,113
2023-01-09,119
2023-01-10,118
2023-01-11,123
2023-01-12,123
2023-01-13,122
2023-01-17,131
2023-01-18,128
2023-01-19,127
2023-01-20,133
2023-01-23,143
2023-01-24,143
2023-01-25,144
2023-01-26,160
2023-01-27,177
2023-01-30,166
2023-01-31,173
2023-02-01,181
2023-02-02,188
2023-02-03,189
2023-02-06,194
2023-02-07,196
2023-02-08,201
2023-02-09,207
2023-02-10,196
2023-02-13,194
2023-02-14,209
2023-02-15,214
2023-02-16,202
2023-02-17,208
2023-02-21,197
2023-02-22,200
2023-02-23,202
2023-02-24,196
2023-02-27,207
2023-02-28,205
2023-03-01,202
2023-03-02,190
2023-03-03,197
2023-03-06,193
2023-03-07,187
2023-03-08,182
2023-03-09,172
2023-03-10,173
2023-03-13,174
2023-03-14,183
2023-03-15,180
2023-03-16,184
2023-03-17,180
2023-03-20,183
2023-03-21,197
2023-03-22,191
2023-03-23,192
2023-03-24,190
2023-03-27,191
2023-03-28,189
2023-03-29,193
2023-03-30,195
2023-03-31,207
2023-04-03,194
2023-04-04,192
2023-04-05,185
2023-04-06,185
2023-04-10,184
2023-04-11,186
2023-04-12,180
2023-04-13,185
2023-04-14,185
2023-04-17,187
2023-04-18,184
2023-04-19,180
2023-04-20,162
2023-04-21,165
2023-04-24,162
2023-04-25,160
2023-04-26,153
2023-04-27,160
2023-04-28,164
2023-05-01,161
2023-05-02,160
2023-05-03,160
2023-05-04,161
2023-05-05,170
2023-05-08,171
2023-05-09,169
2023-05-10,168
2023-05-11,172
2023-05-12,167
2023-05-15,166
2023-05-16,166
2023-05-17,173
2023-05-18,176
2023-05-19,180
2023-05-22,188
2023-05-23,185
2023-05-24,182
2023-05-25,184
2023-05-26,193
2023-05-30,201
2023-05-31,203
2023-06-01,207
2023-06-02,213
2023-06-05,217
2023-06-06,221
2023-06-07,224
2023-06-08,234
2023-06-09,244
